{"cameraMode":{"drawMode":0,"name":"Shaded","section":"Shading Mode"},"sceneLighting":true,"audioPlay":false,"sceneViewState":{"m_AlwaysRefresh":false,"showFog":true,"showSkybox":true,"showFlares":true,"showImageEffects":true,"showParticleSystems":true,"showVisualEffectGraphs":true,"m_FxEnabled":true},"in2DMode":false,"pivot":{"x":12.593992233276368,"y":10.063150405883789,"z":291.3760681152344},"rotation":{"x":-0.03748268634080887,"y":0.7340971827507019,"z":-0.04090194031596184,"w":-0.6769884824752808},"size":0.8660253882408142,"orthographic":false}